{
  "bounds": [
    [
      52.45785887485417,
      17.187513832492016
    ],
    [
      52.47964015495091,
      17.218731531618612
    ]
  ],
  "elevation_min_m": 86.6,
  "elevation_max_m": 109.0,
  "width": 942,
  "height": 1024,
  "crs_source": "EPSG:2180"
}