{
  "bounds": [
    [
      52.3728850429213,
      16.9336135453797
    ],
    [
      52.46044424247807,
      17.06615161986097
    ]
  ],
  "elevation_min_m": 47.2,
  "elevation_max_m": 119.0,
  "width": 1024,
  "height": 676,
  "crs_source": "EPSG:2180"
}