{
  "bounds": [
    [
      52.45786294565807,
      17.18663866372944
    ],
    [
      52.47964015495091,
      17.219588949274247
    ]
  ],
  "elevation_min_m": 86.6,
  "elevation_max_m": 108.8,
  "width": 1024,
  "height": 677,
  "crs_source": "EPSG:2180"
}