{
  "bounds": [
    [
      52.41456013867552,
      16.935555546784457
    ],
    [
      52.46044424247807,
      17.064323536633665
    ]
  ],
  "elevation_min_m": 49.2,
  "elevation_max_m": 118.9,
  "width": 1024,
  "height": 365,
  "crs_source": "EPSG:2180"
}