{
  "bounds": [
    [
      52.457393549841996,
      17.18578201556952
    ],
    [
      52.50093654835225,
      17.251659412815222
    ]
  ],
  "elevation_min_m": 85.7,
  "elevation_max_m": 119.2,
  "width": 1024,
  "height": 677,
  "crs_source": "EPSG:2180"
}