{
  "bounds": [
    [
      52.3728850429213,
      16.9336135453797
    ],
    [
      52.46044424247807,
      17.06615161986097
    ]
  ],
  "max_order": 9,
  "width": 1024,
  "height": 676,
  "crs_source": "EPSG:2180"
}